id,name
123764,Logan Collins
1053957,Hunter Holifield
1934516,William Leahy IV
239255,Frank Mastroianni
663689,Tyler Christophel
1699284,Tanner Balazs
1529807,Travon Benton
323300,Mitchel Stevenson
1289013,Justin Rhodes
1289210,Phillip Muscarella
105536,Chase Smith
194457,Jake Marconi
235127,Luis Oscar Mora
109346,John Coltey
95750,Mike Needleman
153625,Cole Sager
162712,Spencer Panchik
242732,Nick Thomas
671093,Dallin Pepper
2725,Noah Ohlsen
257503,Richie Carrel
642094,Cam Crockett
1145631,Robert Yates
263026,Zach Watts
45136,Jake Berman
310970,Saxon Panchik
289710,Mitch McClune
739342,Reilly Good
422268,Connor McDonald
877376,Lee Sharum
